{"eval_loss": 0.3831678628921509, "eval_accuracy": 0.865372896194458, "eval_runtime": 17.038, "eval_samples_per_second": 577.651, "eval_steps_per_second": 72.25, "epoch": 3.0}