{"eval_loss": 0.40020179748535156, "eval_accuracy": 0.8577525019645691, "eval_runtime": 10.727, "eval_samples_per_second": 917.501, "eval_steps_per_second": 57.425, "epoch": 3.0}